Ward Name,No of House Holds,TOT_P,TOT_M,TOT_F,P_06,M_06,F_06,P_SC,M_SC,F_SC,P_ST,M_ST,F_ST
Aundh,45032,181124,92272,88852,19521,10049,9472,27910,13937,13973,3349,1713,1636
Bhavani Peth,39419,192932,96150,96782,20404,10600,9804,35532,17226,18306,923,471,452
Bibvewadi,68013,291446,150421,141025,36718,19103,17615,36436,18643,17793,2757,1482,1275
Dhankawadi,56682,236648,123416,113232,27249,14628,12621,22121,11318,10803,2864,1456,1408
Dholepatil Road,70416,310826,158940,151886,31524,16362,15162,65546,32808,32738,4178,2252,1926
Ghole Road,39001,171678,85691,85987,14817,7729,7088,21525,10789,10736,2242,1132,1110
Hadapsar,78445,324751,169429,155322,41153,21751,19402,47219,24162,23057,3548,1906,1642
Kasbavish-Rambaug,43138,178484,88418,90066,12966,6795,6171,6923,3240,3683,1170,583,587
Kothrud,54480,209331,108335,100996,20221,10564,9657,14109,7289,6820,1612,870,742
Nagar Road,59044,239564,125450,114114,27497,14495,13002,30948,15621,15327,2262,1214,1048
Sahakarnagar,46355,205441,103186,102255,19952,10296,9656,39788,19780,20008,1682,820,862
Sangamwadi (Yerawada),58421,261957,136183,125774,29840,15611,14229,56641,28498,28143,4512,2437,2075
Tilak Road,60387,242290,125461,116829,26939,14176,12763,29877,15206,14671,2261,1205,1056
Warje,58977,233399,119793,113606,24023,12646,11377,17594,9087,8507,2754,1413,1341
Yewalewadi,1733,7685,4137,3548,1257,679,578,1369,723,646,104,57,47
