Ward Name,competitor_intensity_score,rationale
Aundh,18,"Premium residential+commercial strip; confirmed Starbucks, multiple organized cafes"
Ghole Road,25,FC Road/Shivajinagar - one of Pune's densest commercial+F&B corridors
Kothrud,20,"Major commercial road, confirmed Starbucks + high organized retail"
Warje,8,"Primarily residential, limited organized F&B per local reviews"
Dholepatil Road,20,"Adjacent to Koregaon Park corridor, high premium F&B density"
Sangamwadi (Yerawada),18,"Near Kalyani Nagar/airport road, confirmed Starbucks + commercial mix"
Nagar Road,16,"Near Kharadi IT corridor, growing organized retail presence"
Kasbavish-Rambaug,6,"Old city core, mostly unorganized/local eateries"
Tilak Road,14,"Laxmi Road shopping belt, moderate organized presence"
Sahakarnagar,8,"Established residential, limited chain penetration"
Bibvewadi,9,"Growing south Pune suburb, moderate organized retail"
Bhavani Peth,7,"Historic trade/hardware market area, low organized F&B"
Hadapsar,22,"Magarpatta/Amanora IT+retail hub, confirmed multiple Starbucks + malls"
Dhankawadi,5,"Affordable outskirts near Katraj, minimal chain presence"
Yewalewadi,4,"Far south outskirts, sparse organized retail"
