Ward Name,No of House Holds,TOT_P,TOT_M,TOT_F,P_06,M_06,F_06,P_SC,M_SC,F_SC,P_ST,M_ST,F_ST,geo_name,area_km2,centroid_lat,centroid_lon,density_2011_per_km2,population_2026_est,density_2026_est_per_km2,avg_household_size
Bhavani Peth,39419,192932,96150,96782,20404,10600,9804,35532,17226,18306,923,471,452,Admin Ward 12 Bhavani Peth,2.8000904384765626,18.511320686128403,73.86765687150195,68902.1,259661,92733.1,4.89
Kasbavish-Rambaug,43138,178484,88418,90066,12966,6795,6171,6923,3240,3683,1170,583,587,Admin Ward 08 KasbaVishrambaugwada,3.9282167470703127,18.510497743362443,73.85531642175982,45436.4,240216,61151.4,4.14
Bibvewadi,68013,291446,150421,141025,36718,19103,17615,36436,18643,17793,2757,1482,1275,Admin Ward 11 Bibwewadi,7.6840447265625,18.478054278481892,73.86776923429527,37928.7,392248,51047.1,4.29
Sahakarnagar,46355,205441,103186,102255,19952,10296,9656,39788,19780,20008,1682,820,862,Admin Ward 10 Sahakarnagar,6.130880390625,18.488731516858934,73.85123125369907,33509.2,276497,45099.1,4.43
Dhankawadi,56682,236648,123416,113232,27249,14628,12621,22121,11318,10803,2864,1456,1408,Admin Ward 14 Dhankawadi,11.710650278320312,18.44619089368211,73.85852306068726,20207.9,318497,27197.2,4.18
Hadapsar,78445,324751,169429,155322,41153,21751,19402,47219,24162,23057,3548,1906,1642,Admin Ward 13 Hadapsar,17.71886972265625,18.483092325367647,73.92418674346618,18328.0,437072,24667.0,4.14
Dholepatil Road,70416,310826,158940,151886,31524,16362,15162,65546,32808,32738,4178,2252,1926,Admin Ward 05 Dhole Patil Rd,18.129465140625,18.524144549497702,73.90161912236448,17144.8,418331,23074.6,4.41
Warje,58977,233399,119793,113606,24023,12646,11377,17594,9087,8507,2754,1413,1341,Admin Ward 04 Warje Karvenagar,14.723573625976563,18.486946597955882,73.80162911739542,15852.1,314124,21334.8,3.96
Tilak Road,60387,242290,125461,116829,26939,14176,12763,29877,15206,14671,2261,1205,1056,Admin Ward 09 Tilak Road,16.296980842773436,18.47001229802989,73.82201083764258,14867.2,326090,20009.2,4.01
Kothrud,54480,209331,108335,100996,20221,10564,9657,14109,7289,6820,1612,870,742,Admin Ward 03 Kothrud Karveroad,16.43019843457031,18.507793415565217,73.79194451567332,12740.6,281732,17147.2,3.84
Ghole Road,39001,171678,85691,85987,14817,7729,7088,21525,10789,10736,2242,1132,1110,Admin Ward 02 Ghole Road,14.518849876953125,18.528271964936742,73.83875399655855,11824.5,231056,15914.2,4.4
Nagar Road,59044,239564,125450,114114,27497,14495,13002,30948,15621,15327,2262,1214,1048,Admin Ward 07 Nagar Road,25.775726930664064,18.558605269438758,73.92005113095613,9294.2,322422,12508.7,4.06
Sangamwadi (Yerawada),58421,261957,136183,125774,29840,15611,14229,56641,28498,28143,4512,2437,2075,Admin Ward 06 Yerawda - Sangamwadi,33.48730206542969,18.581500642014984,73.90200413089514,7822.6,352560,10528.2,4.48
Aundh,45032,181124,92272,88852,19521,10049,9472,27910,13937,13973,3349,1713,1636,Admin Ward 01 Aundh,40.17210678027344,18.546629432589008,73.79491174368381,4508.7,243769,6068.1,4.02
Yewalewadi,1733,7685,4137,3548,1257,679,578,1369,723,646,104,57,47,Admin Ward 15 Kondhwa Wanavdi,22.429660541015625,18.483267570297457,73.89659266593347,342.6,10343,461.1,4.43
