Ward Name,Base case (50/50),Density-heavy (70/30),Income-heavy (30/70),Density-only (100/0),Income-only (0/100),avg_rank,rank_range
Bhavani Peth,1,1,1,1,6,2.0,5
Bibvewadi,3,3,2,3,1,2.4,2
Kasbavish-Rambaug,2,2,3,2,5,2.8,3
Sahakarnagar,4,4,4,4,7,4.6,3
Warje,6,6,5,6,4,5.4,2
Dhankawadi,5,5,6,5,9,6.0,4
Yewalewadi,7,7,8,7,10,7.8,3
Aundh,8,11,7,14,2,8.4,12
Kothrud,9,10,9,12,3,8.6,9
Tilak Road,10,8,11,8,11,9.6,3
Dholepatil Road,11,9,10,10,8,9.6,3
Nagar Road,12,12,12,9,13,11.6,4
Sangamwadi (Yerawada),13,13,13,11,12,12.4,2
Hadapsar,14,14,14,13,14,13.8,1
Ghole Road,15,15,15,15,15,15.0,0
